{
  "project_info": {
    "project_number": "38530050619",
    "project_id": "firebase-rocketchat-test"
  },
  "client": [
    {
      "client_info": {
        "mobilesdk_app_id": "1:38530050619:android:811344b426942fe6",
        "android_client_info": {
          "package_name": "com.mogree.travel_buddy"
        }
      },
      "oauth_client": [],
      "api_key": [
        {
          "current_key": "AIzaSyDjojPvUXqKCd48pq0Y8uS4iORyWszJxz0"
        }
      ],
      "services": {
        "analytics_service": {
          "status": 1
        },
        "appinvite_service": {
          "status": 1,
          "other_platform_oauth_client": []
        },
        "ads_service": {
          "status": 1
        }
      }
    }
  ],
  "configuration_version": "1"
}